id,brewery_id,abv,ibu,name,style,ounces
0,408,0.05,,Pub Beer,American Pale Lager,12
1,177,0.066,,Devil's Cup,American Pale Ale (APA),12
2,177,0.071,,Rise of the Phoenix,American IPA,12
3,177,0.09,,Sinister,American Double / Imperial IPA,12
4,177,0.075,,Sex and Candy,American IPA,12
5,177,0.077,,Black Exodus,Oatmeal Stout,12
6,177,0.045,,Lake Street Express,American Pale Ale (APA),12
7,177,0.065,,Foreman,American Porter,12
8,177,0.055,,Jade,American Pale Ale (APA),12
9,177,0.086,,Cone Crusher,American Double / Imperial IPA,12
10,177,0.072,,Sophomoric Saison,Saison / Farmhouse Ale,12
11,177,0.073,,Regional Ring Of Fire,Saison / Farmhouse Ale,12
12,177,0.069,,Garce Selé,Saison / Farmhouse Ale,12
13,177,0.085,,Troll Destroyer,Belgian IPA,12
14,177,0.061,60,Bitter Bitch,American Pale Ale (APA),12
15,154,0.06,,Ginja Ninja,Cider,12
16,154,0.06,,Cherried Away,Cider,12
17,154,0.06,,Rhubarbarian,Cider,12
18,154,0.06,,BrightCider,Cider,12
19,368,0.082,,He Said Baltic-Style Porter,Baltic Porter,12
20,368,0.082,,He Said Belgian-Style Tripel,Tripel,12
21,368,0.099,92,Lower De Boom,American Barleywine,8.4
22,368,0.079,45,Fireside Chat,Winter Warmer,12
23,368,0.079,,Marooned On Hog Island,American Stout,12
24,368,0.044,42,Bitter American,American Pale Ale (APA),12
25,368,0.049,17,Hell or High Watermelon Wheat (2009),Fruit / Vegetable Beer,12
26,368,0.049,17,Hell or High Watermelon Wheat (2009),Fruit / Vegetable Beer,12
27,368,0.049,17,21st Amendment Watermelon Wheat Beer (2006),Fruit / Vegetable Beer,12
28,368,0.07,70,21st Amendment IPA (2006),American IPA,12
29,368,0.07,70,Brew Free! or Die IPA (2008),American IPA,12
30,368,0.07,70,Brew Free! or Die IPA (2009),American IPA,12
31,368,0.085,52,Special Edition: Allies Win The War!,English Strong Ale,12
32,368,0.097,94,Hop Crisis,American Double / Imperial IPA,12
33,368,0.044,42,Bitter American (2011),American Pale Ale (APA),12
34,368,0.079,45,Fireside Chat (2010),Winter Warmer,12
35,368,0.068,65,Back in Black,American Black Ale,12
36,368,0.083,35,Monk's Blood,Belgian Dark Ale,12
37,368,0.07,65,Brew Free! or Die IPA,American IPA,12
38,368,0.049,17,Hell or High Watermelon Wheat,Fruit / Vegetable Beer,12
39,67,0.07,82,Bimini Twist,American IPA,12
40,67,0.05,,Beach Blonde,American Blonde Ale,12
41,67,0.059,,Rod Bender Red,American Amber / Red Ale,12
42,60,0.035,11,Passion Fruit Prussia,Berliner Weissbier,12
43,60,0.045,18,Send Help,American Blonde Ale,12
44,60,0.055,,Cast Iron Oatmeal Brown,American Brown Ale,12
45,60,0.06,,Reprise Centennial Red,American Amber / Red Ale,12
46,60,0.055,,Alter Ego,American Black Ale,12
47,60,0.065,,Divided Sky,American IPA,12
48,60,0.065,,Resurrected,American IPA,12
49,60,0.05,28,Contact High,American Pale Wheat Ale,12
50,27,0.065,,Galaxyfest,American IPA,16
51,27,0.05,45,Citrafest,American IPA,16
52,27,0.09,,Barn Yeti,Belgian Strong Dark Ale,16
53,27,0.069,65,Scarecrow,American IPA,16
54,27,0.09,50,Ironman,English Strong Ale,16
55,27,0.046,15,Honey Kolsch,Kölsch,16
56,27,0.052,18,Copperhead Amber,Belgian Dark Ale,16
57,481,0.059,75,Rude Parrot IPA,American IPA,16
58,481,0.054,30,British Pale Ale (2010),English Pale Ale,16
59,481,0.054,30,British Pale Ale,English Pale Ale,16
60,481,0.084,82,Ballz Deep Double IPA,American Double / Imperial IPA,16
61,373,0.038,,Wolfman's Berliner,Berliner Weissbier,12
62,462,0.055,26,Colorado Native,American Amber / Red Lager,12
63,462,0.055,26,Colorado Native (2011),American Amber / Red Lager,12
64,533,0.065,52,Jockamo IPA,American IPA,12
65,533,0.042,13,Purple Haze,Fruit / Vegetable Beer,12
66,533,0.045,17,Abita Amber,American Amber / Red Lager,12
67,62,0.082,68,Citra Ass Down,American IPA,16
68,62,0.05,20,The Brown Note,American Brown Ale,16
69,1,0.08,68,Citra Ass Down,American Double / Imperial IPA,16
70,1,0.125,80,London Balling,English Barleywine,16
71,1,0.077,25,35 K,Milk / Sweet Stout,16
72,1,0.042,42,A Beer,American Pale Ale (APA),16
73,1,0.05,25,Rules are Rules,German Pilsener,16
74,1,0.066,21,Flesh Gourd'n,Pumpkin Ale,16
75,1,0.04,13,Sho'nuff,Belgian Pale Ale,16
76,1,0.055,17,Bloody Show,American Pilsner,16
77,1,0.076,68,Rico Sauvin,American Double / Imperial IPA,16
78,1,0.051,38,Coq de la Marche,Saison / Farmhouse Ale,16
79,1,0.065,,Kamen Knuddeln,American Wild Ale,16
80,1,0.06,65,Pile of Face,American IPA,16
81,1,0.05,20,The Brown Note,English Brown Ale,16
82,367,0.053,35,Maylani's Coconut Stout,American Stout,16
83,367,0.05,35,Oatmeal PSA,American Pale Ale (APA),16
84,367,0.052,33,Pre Flight Pilsner,American Pilsner,16
85,117,0.04,20,P-Town Pilsner,American Pilsner,12
86,117,0.053,36,Klickitat Pale Ale,American Pale Ale (APA),12
87,117,0.082,103,Yellow Wolf Imperial IPA,American Double / Imperial IPA,12
88,270,0.053,40,Freeride APA,American Pale Ale (APA),12
89,270,0.053,18,Alaskan Amber,Altbier,12
90,73,0.057,,Hopalicious,American Pale Ale (APA),12
91,388,0.043,,Kentucky Kölsch,Kölsch,16
92,388,0.065,,Kentucky IPA,American IPA,16
93,401,0.054,,Dusty Trail Pale Ale,American Pale Ale (APA),16
94,401,0.062,,Damnesia,American IPA,16
95,401,0.062,43,Desolation IPA,American IPA,16
96,35,0.059,,Liberty Ale,American IPA,12
97,35,0.065,,IPA,American IPA,12
98,35,0.045,,Summer Wheat,American Pale Wheat Ale,12
99,35,0.049,,California Lager,American Amber / Red Lager,12
100,35,0.056,,Brotherhood Steam,California Common / Steam Beer,12
101,171,0.042,,Blood Orange Gose,Gose,12
102,171,0.042,,Keebarlin' Pale Ale,American Pale Ale (APA),12
103,171,0.048,,"the Kimmie, the Yink and the Holy Gose",Gose,12
104,171,0.06,,Fall Hornin',Pumpkin Ale,12
105,171,0.057,13,Barney Flats Oatmeal Stout,Oatmeal Stout,12
106,171,0.056,4,Summer Solstice,Cream Ale,12
107,171,0.07,80,Hop Ottin' IPA,American IPA,12
108,171,0.058,15,Boont Amber Ale,American Amber / Red Ale,12
109,171,0.057,13,Barney Flats Oatmeal Stout,Oatmeal Stout,12
110,171,0.055,25,El Steinber Dark Lager,Vienna Lager,16
111,171,0.058,15,Boont Amber Ale (2010),American Amber / Red Ale,12
112,171,0.056,4,Summer Solstice Cerveza Crema (2009),Cream Ale,12
113,171,0.057,13,Barney Flats Oatmeal Stout (2012),Oatmeal Stout,12
114,171,0.069,6,Winter Solstice,Winter Warmer,12
115,171,0.07,80,Hop Ottin' IPA (2011),American IPA,12
116,171,0.058,15,Boont Amber Ale (2011),American Amber / Red Ale,12
117,171,0.056,4,Summer Solstice (2011),Cream Ale,12
118,171,0.055,28,Poleeko Gold Pale Ale (2009),American Pale Ale (APA),12
119,146,0.06,,Charlie's Rye IPA,American IPA,16
120,542,0.054,,River Pig Pale Ale,American Pale Ale (APA),16
121,542,0.047,,Oaky's Oatmeal Stout,Oatmeal Stout,16
122,434,0.05,,Angry Orchard Apple Ginger,Cider,16
123,434,0.05,,Angry Orchard Crisp Apple,Cider,16
124,434,0.05,,Angry Orchard Crisp Apple,Cider,12
125,193,0.068,,Golden One,Belgian Pale Ale,12
126,193,0.06,,Arjuna,Witbier,12
127,193,0.085,,Uroboros,American Stout,12
128,69,0.071,75,Long Leaf,American IPA,16
129,69,0.047,19,Honey Badger Blonde,American Blonde Ale,16
130,69,0.06,23,Porter (a/k/a Black Gold Porter),American Porter,16
131,541,0.06,55,Sky High Rye,American Pale Ale (APA),12
132,541,0.062,17,Whitsun,American Pale Wheat Ale,12
133,513,0.052,,On-On Ale (2008),American Pale Ale (APA),12
134,426,0.092,50,Quakertown Stout,American Double / Imperial Stout,12
135,426,0.051,20,Greenbelt Farmhouse Ale,Saison / Farmhouse Ale,12
136,461,0.052,10,Mo's Gose,Gose,16
137,429,0.07,45,Green Bullet Organic India Pale Ale,American IPA,16
138,528,0.032,27,Rocket Girl,Kölsch,12
139,528,0.053,26,Ninja Porter,American Porter,12
140,528,0.06,69,Shiva IPA,American IPA,12
141,353,0.048,,Aslan Kölsch,Kölsch,16
142,353,0.077,,Aslan IPA,American IPA,16
143,353,0.077,,Aslan Amber,American Amber / Red Ale,16
144,523,0.056,27,This Season's Blonde,American Blonde Ale,12
145,523,0.07,67,Independence Pass Ale,American IPA,12
146,374,0.057,40,Trolley Stop Stout,American Stout,12
147,374,0.082,138,Bitter Bitch Imperial IPA,American Double / Imperial IPA,12
148,374,0.062,35,Poop Deck Porter,American Porter,12
149,374,0.06,35,Old Red Beard Amber Ale,American Amber / Red Ale,12
150,72,0.075,115,Hop A-Peel,American Double / Imperial IPA,16
151,72,0.055,12,Vanilla Java Porter,American Porter,16
152,72,0.052,,Michelada,Fruit / Vegetable Beer,16
153,72,0.045,8,Dirty Blonde Ale,American Blonde Ale,12
154,72,0.05,62,Grand Circus IPA,American IPA,12
155,72,0.05,12,Atwater's Lager,Munich Helles Lager,12
156,413,0.07,,Heavy Machinery IPA Series #1: Heavy Fist,American Black Ale,16
157,413,0.062,,Fire Eagle IPA,American IPA,12
158,413,0.051,,Peacemaker,American Pale Ale (APA),12
159,413,0.053,,Pearl-Snap,German Pilsener,12
160,413,0.052,,Black Thunder,Schwarzbier,12
161,37,0.08,,Raja,American Double / Imperial IPA,12
162,37,0.064,,Perzik Saison,Saison / Farmhouse Ale,12
163,37,0.047,42,Avery Joe’s Premium American Pilsner,German Pilsener,12
164,37,0.056,10,White Rascal,Witbier,12
165,37,0.063,69,Avery India Pale Ale,American IPA,12
166,37,0.055,17,Ellie’s Brown Ale,American Brown Ale,12
167,360,0.062,17,Pumpkin Beast,Pumpkin Ale,12
168,360,0.072,22,OktoberBeast,Märzen / Oktoberfest,12
169,360,0.048,23,Mad Beach,American Pale Wheat Ale,12
170,360,0.067,,Hog Wild India Pale Ale,American IPA,12
171,360,0.092,5,Devils Tramping Ground Tripel,Tripel,12
172,360,0.061,41,Hot Rod Red,American Amber / Red Ale,12
173,235,0.086,,Palate Mallet,American Double / Imperial IPA,12
174,235,0.06,,Back East Porter,American Porter,12
175,235,0.049,,Back East Golden Ale,American Blonde Ale,12
176,235,0.07,,Misty Mountain IPA,American IPA,12
177,235,0.05,,Back East Ale,American Amber / Red Ale,12
178,286,0.06,,Truck Stop Honey Brown Ale,English Brown Ale,12
179,286,0.06,43,Naked Pig Pale Ale,American Pale Ale (APA),12
180,483,0.068,70,Topcutter India Pale Ale,American IPA,12
181,483,0.044,38,Field 41 Pale Ale,American Pale Ale (APA),12
182,34,0.07,,Grapefruit Sculpin,American IPA,12
183,34,0.038,40,Even Keel,American IPA,12
184,34,0.052,23,Ballast Point Pale Ale,Kölsch,12
185,34,0.07,75,Big Eye India Pale Ale,American IPA,12
186,34,0.046,,Longfin Lager,Munich Helles Lager,12
187,34,0.07,70,Sculpin IPA,American IPA,12
188,318,0.045,,All Nighter Ale,Extra Special / Strong Bitter (ESB),12
189,318,0.045,20,Banner American Rye,Rye Beer,12
190,318,0.035,45,Banner American Ale,American Amber / Red Ale,12
191,20,0.07,46,Thai.p.a,American IPA,16
192,251,0.06,60,Barrio Blanco,American IPA,12
193,251,0.045,,Barrio Tucson Blonde,American Blonde Ale,12
194,116,0.049,22,Hop in the ‘Pool Helles,American Pilsner,12
195,116,0.067,60,Ultra Gnar Gnar IPA,American IPA,12
196,116,0.068,62,In-Tents India Pale Lager,American Pale Lager,12
197,116,0.05,20,Lost Meridian Wit,Witbier,12
198,116,0.051,45,Celestial Meridian Cascadian Dark Lager,Euro Dark Lager,12
199,258,0.054,55,Wagon Party,California Common / Steam Beer,12
200,258,0.067,70,Sky-Five,American IPA,12
201,258,0.05,28,Stargrazer,Schwarzbier,12
202,258,0.054,48,Wonderstuff,German Pilsener,12
203,292,0.053,,Tarnation California-Style Lager,California Common / Steam Beer,12
204,292,0.07,42,On the Count of 3 (2015),Hefeweizen,16
205,292,0.047,,Summer Swelter,American Pale Wheat Ale,12
206,292,0.068,,Phantom Punch Winter Stout,Foreign / Export Stout,12
207,292,0.066,,Hayride Autumn Ale,Rye Beer,12
208,292,0.047,,Celsius Summer Ale (2012),American Pale Wheat Ale,12
209,292,0.055,35,Amber Road,American Amber / Red Ale,12
210,292,0.049,28,Pamola Xtra Pale Ale,American Pale Ale (APA),12
211,292,0.069,69,Stowaway IPA,American IPA,12
212,306,0.088,108,Hoptopus Double IPA,American Double / Imperial IPA,16
213,103,0.05,10,Watermelon Ale,Fruit / Vegetable Beer,12
214,103,0.058,45,Fenway American Pale Ale,American Pale Ale (APA),12
215,103,0.068,85,Back Bay IPA,American IPA,12
216,103,0.048,16,Bunker Hill Blueberry Ale ,Other,12
217,76,0.058,,Oberon,American Pale Wheat Ale,12
218,76,0.06,,Smitten,Rye Beer,16
219,76,0.05,,Winter White,Witbier,16
220,76,0.058,,Oberon,American Pale Wheat Ale,16
221,76,0.07,,Two Hearted,American IPA,16
222,76,0.058,,Best Brown,American Brown Ale,16
223,53,0.044,44,Moar,English India Pale Ale (IPA),12
224,53,0.083,,Uber Lupin Schwarz IPA,American Double / Imperial IPA,16
225,53,0.057,27,Nordic Blonde,American Blonde Ale,12
226,75,0.06,,Cold Press,American Black Ale,12
227,75,0.072,87,Harness the Winter,American IPA,12
228,75,0.056,32,14° ESB ,Extra Special / Strong Bitter (ESB),12
229,75,0.062,68,Bent Hop Golden IPA,American IPA,12
230,75,0.06,34,Bent Paddle Black Ale,American Black Ale,12
231,75,0.05,38,Venture Pils,German Pilsener,12
232,278,0.055,40,Lost Sailor IPA,English India Pale Ale (IPA),12
233,278,0.053,20,Steel Rail Extra Pale Ale,American Pale Ale (APA),12
234,463,0.078,,La Frontera Premium IPA,American IPA,12
235,463,0.047,,Tejas Lager,Czech Pilsener,12
236,463,0.064,,Number 22 Porter,American Porter,12
237,463,0.056,,Big Bend Hefeweizen,Hefeweizen,12
238,463,0.06,,Terlingua Gold,American Blonde Ale,12
239,220,0.081,17,Aprè Shred,American Strong Ale,16
240,220,0.095,104,Hemlock Double IPA,American Double / Imperial IPA,12
241,220,0.041,,West Portal Colorado Common Summer Ale,California Common / Steam Beer,16
242,220,0.067,85,Disconnected Red,American Amber / Red Ale,16
243,477,0.07,,Big Elm IPA,American IPA,12
244,477,0.065,,Gerry Dog Stout,American Stout,12
245,477,0.06,,413 Farmhouse Ale,Saison / Farmhouse Ale,12
246,8,0.08,54,Dark Star,American Stout,16
247,8,0.062,,Ryecoe,American IPA,16
248,40,0.06,,Blueberry Blonde,Fruit / Vegetable Beer,12
249,40,0.075,60,Galaxy IPA,American IPA,16
250,519,0.05,32,Big River Pilsner,Czech Pilsener,12
251,519,0.06,55,House Brand IPA,American IPA,12
252,336,0.062,65,Big Sky IPA,American IPA,12
253,336,0.05,40,Scape Goat Pale Ale,English Pale Ale,12
254,336,0.05,35,Montana Trout Slayer Ale,American Pale Wheat Ale,12
255,336,0.051,26,Moose Drool Brown Ale,American Brown Ale,12
256,336,0.072,60,Powder Hound Winter Ale,English Strong Ale,12
257,336,0.051,26,Moose Drool Brown Ale (2011),American Brown Ale,12
258,336,0.05,35,Montana Trout Slayer Ale (2012),American Pale Wheat Ale,12
259,336,0.062,65,Big Sky IPA (2012),American IPA,12
260,336,0.047,,Summer Honey,American Blonde Ale,12
261,336,0.05,40,Scape Goat Pale Ale (2010),English Pale Ale,12
262,336,0.05,35,Montana Trout Slayer Ale (2009),American Pale Wheat Ale,12
263,336,0.051,26,Moose Drool Brown Ale (2009),American Brown Ale,12
264,221,0.069,81,Arcus IPA,American IPA,12
265,221,0.058,38,Wavemaker,American Amber / Red Ale,12
266,444,0.053,43,Jack Pine Savage,American Pale Ale (APA),16
267,444,0.099,85,Forest Fire Imperial Smoked Rye,Rye Beer,16
268,444,0.098,76,Bad Axe Imperial IPA,American Double / Imperial IPA,16
269,444,0.055,35,Morning Wood,Oatmeal Stout,16
270,444,0.066,50,Bark Bite IPA,American IPA,16
271,70,0.055,45,Jalapeno Pale Ale,American Pale Ale (APA),16
272,407,0.052,,Blown Out Brown,American Brown Ale,12
273,407,0.063,,Single Hop Ale,American Pale Ale (APA),12
274,407,0.054,,Sawtooth Ale,American Blonde Ale,12
275,18,0.072,75,Saucy Intruder,Rye Beer,16
276,112,0.045,16,Deception,American Blonde Ale,12
277,112,0.075,35,Blackmarket Rye IPA,American IPA,12
278,112,0.05,8,Black Market Hefeweizen,Hefeweizen,12
279,112,0.058,44,Aftermath Pale Ale,American Pale Ale (APA),12
280,294,0.071,83,American India Red Ale,American Strong Ale,12
281,294,0.071,45,American Red Porter,American Porter,12
282,294,0.078,34,American Red Saison,Saison / Farmhouse Ale,12
283,294,0.066,44,Colorado Red Ale,American Amber / Red Ale,12
284,79,0.048,16,Saddle Bronc Brown Ale,American Brown Ale,12
285,79,0.046,20,Bomber Mountain Amber Ale,American Amber / Red Ale,12
286,95,0.073,,Flying Sailor,Rye Beer,12
287,12,0.048,47,Nordskye ,American IPA,12
288,12,0.06,30,North Third Stout,Foreign / Export Stout,12
289,12,0.052,,Honey Lav,American Pale Wheat Ale,12
290,12,0.068,,Coconut Brown Ale,American Brown Ale,12
291,12,0.07,51,51K IPA,American IPA,12
292,12,0.055,,Grand Rabbits,Cream Ale,12
293,380,0.05,,1800 Big Log Wheat (2012),American Pale Wheat Ale,12
294,380,0.05,,Double Play Pilsner,American Pilsner,12
295,380,0.055,,Brewerhood Brown Ale,American Brown Ale,12
296,380,0.08,,Last Call Imperial Amber Ale,American Amber / Red Ale,12
297,380,0.096,,Pernicious Double IPA,American Double / Imperial IPA,12
298,380,0.052,,6-4-3 Double Play Pilsner,German Pilsener,12
299,380,0.096,,N Street Drive-In 50th Anniversary IPA,American Double / Imperial IPA,12
300,380,0.05,,467 Ethan's Stout,American Stout,12
301,380,0.064,,1335 Wicked Snout,Saison / Farmhouse Ale,12
302,380,0.045,,543 Skull Creek Fresh Hopped Pale Ale,American Pale Ale (APA),12
303,380,0.056,37,1327 Pod's ESB,Extra Special / Strong Bitter (ESB),12
304,380,0.056,37,1327 Pod's ESB,Extra Special / Strong Bitter (ESB),12
305,380,0.056,37,1327 Pod's ESB,Extra Special / Strong Bitter (ESB),12
306,380,0.046,35,834 Happy As Ale,American Pale Ale (APA),12
307,422,0.059,,Yellow Collar,Mead,12
308,422,0.059,,Green Collar,Mead,12
309,304,0.08,80,Quarter Mile Double IPA,American Double / Imperial IPA,12
310,382,0.059,60,Full Nelson Pale Ale,American Pale Ale (APA),12
311,382,0.065,30,Steel Wheels ESB,Extra Special / Strong Bitter (ESB),12
312,382,0.053,22,Blue Mountain Classic Lager,Euro Pale Lager,12
313,382,0.059,60,Full Nelson Pale Ale (2010),American Pale Ale (APA),12
314,414,0.049,16,Kölsch 151,Kölsch,12
315,77,0.096,,Professor Black,American Stout,12
316,77,0.053,,Little Boss,American Pale Wheat Ale,12
317,77,0.059,,Van Dayum!,American Amber / Red Ale,12
318,77,0.049,,Spirit Animal,American Pale Ale (APA),12
319,489,0.07,,Toxic Sludge,American Black Ale,16
320,489,0.06,40,Blue Point White IPA,American White IPA,12
321,489,0.044,16,Blue Point Summer Ale,American Blonde Ale,12
322,489,0.055,28,Toasted Lager,Vienna Lager,12
323,364,0.06,,Bohemian Export Lager,Dortmunder / Export Lager,12
324,364,0.053,,Altus Bohemes Altbier,Altbier,12
325,364,0.04,,Cherny Bock,Schwarzbier,12
326,364,0.05,,Czech Pilsner,Czech Pilsener,12
327,364,0.05,,Viennese Lager,Vienna Lager,12
328,378,0.065,,Mad Manatee IPA,American IPA,12
329,378,0.055,,Killer Whale Cream Ale,Cream Ale,12
330,378,0.06,,Duke's Cold Nose Brown Ale,American Brown Ale,12
331,281,0.042,30,Longhop IPA,American IPA,16
332,281,0.04,34,Lucky Buck,Irish Dry Stout,16
333,525,0.051,,Bomb Lager (New Recipe),Munich Helles Lager,12
334,525,0.045,27,Bomb Lager (Old Recipe),Munich Helles Lager,12
335,107,0.066,72,Firestarter India Pale Ale,American IPA,12
336,107,0.075,22,Kilt Dropper Scotch Ale,Scotch Ale / Wee Heavy,16
337,107,0.048,30,Wood Splitter Pilsner,Czech Pilsener,16
338,107,0.056,26,Gyptoberfest,Märzen / Oktoberfest,12
339,107,0.07,94,Farmer Wirtz India Pale Ale,English India Pale Ale (IPA),16
340,107,0.047,,Slow & Steady Golden Ale,American Blonde Ale,12
341,107,0.068,,Pink-I Raspberry IPA,American IPA,16
342,107,0.047,,Moe's Original Bar B Que 'Bama Brew Golden Ale,American Blonde Ale,12
343,107,0.047,,Live Local Golden Ale,American Blonde Ale,12
344,107,0.048,38,Screaming Eagle Special Ale ESB,Extra Special / Strong Bitter (ESB),12
345,107,0.049,,Dirtbag Dunkel,Munich Dunkel Lager,16
346,107,0.053,45,Kindler Pale Ale,American Pale Ale (APA),12
347,107,0.064,,Mistress Winter Wheat,Winter Warmer,12
348,107,0.061,,Tent Pole Vanilla Porter,American Porter,16
349,107,0.058,,Awry Rye Pale Ale,American Pale Ale (APA),12
350,107,0.058,,Demshitz Brown Ale,American Brown Ale,12
351,107,0.048,,Wood Splitter Pilsner (2012),Czech Pilsener,12
352,107,0.048,,Brush Creek Blonde,American Blonde Ale,16
353,107,0.066,72,Firestarter India Pale Ale,American IPA,16
354,231,0.071,16,Noche Dulce,American Porter,16
355,300,0.045,8,Porch Rocker,Radler,12
356,300,0.065,45,Rebel IPA,American IPA,16
357,300,0.055,,Cold Snap,Witbier,12
358,300,0.056,,Samuel Adams Winter Lager,Bock,12
359,300,0.049,30,Boston Lager,Vienna Lager,16
360,300,0.049,30,Boston Lager,Vienna Lager,12
361,300,0.053,15,Samuel Adams Octoberfest,Märzen / Oktoberfest,12
362,300,0.053,7,Samuel Adams Summer Ale,American Pale Wheat Ale,12
363,300,0.049,30,Boston Lager,Vienna Lager,12
364,417,0.049,35,Hazed & Infused,American Pale Ale (APA),12
365,417,0.057,35,Hoopla Pale Ale,American Pale Ale (APA),12
366,417,0.049,35,Hazed & Infused (2010),American Pale Ale (APA),12
367,31,0.062,80,Heavy Lifting,American IPA,12
368,167,0.065,,1492,American Pale Ale (APA),12
369,167,0.058,,Mango Ginger,American IPA,12
370,167,0.047,,Passenger,English Dark Mild Ale,12
371,219,0.06,52,Plum St. Porter,American Porter,12
372,219,0.057,52,Plum St. Porter,American Porter,12
373,219,0.07,80,Bozone HopZone IPA,American IPA,12
374,219,0.06,25,Bozone Hefe Weizen,Hefeweizen,12
375,219,0.055,,Bozone Select Amber Ale,American Amber / Red Ale,12
376,207,0.052,40,Evil Owl,American Amber / Red Ale,12
377,195,0.05,,Post Time Kölsch,Kölsch,16
378,391,0.042,9,Agave Wheat,American Pale Wheat Ale,12
379,391,0.045,15,SummerBright Ale,American Pale Wheat Ale,12
380,391,0.062,68,Lucky U IPA,American IPA,12
381,391,0.054,19,Avalanche Ale,American Amber / Red Ale,12
382,308,0.05,,"You're My Boy, Blue",Fruit / Vegetable Beer,12
383,308,0.072,60,Last Stop IPA,American IPA,12
384,308,0.05,21,Rollin Dirty Red Ale,Irish Red Ale,12
385,308,0.055,28,Are Wheat There Yet?,American Pale Wheat Ale,12
386,19,0.058,,Insert Hop Reference,American Pale Ale (APA),16
387,85,0.053,,Manitou Amber,American Amber / Red Ale,16
388,10,0.067,,Belfort,Saison / Farmhouse Ale,16
389,10,0.06,,Star Runner,Belgian Pale Ale,16
390,10,0.098,,Tart Side of the Barrel,American Double / Imperial Stout,16
391,10,0.06,,Linnaeus Mango IPA,American IPA,16
392,10,0.07,,Beasts A'Burnin',Rauchbier,16
393,10,0.077,,Verdun,Bière de Garde,16
394,10,0.065,,Barrel Aged Triomphe,Belgian IPA,16
395,10,0.065,,Cherry Doppelbock,Doppelbock,16
396,10,0.065,,Tropical Saison,Saison / Farmhouse Ale,16
397,10,0.065,,Beach Patrol,Witbier,16
398,10,0.05,,Nuit Serpent,Belgian IPA,16
399,10,0.09,,Paris,Saison / Farmhouse Ale,16
400,10,0.055,,The Grand Army,Belgian IPA,16
401,10,0.059,,Acidulated Trip,Saison / Farmhouse Ale,16
402,10,0.066,,Root Stock,Rye Beer,16
403,10,0.041,,Mind Games,Dunkelweizen,16
404,10,0.082,,Sous Chef,Belgian Strong Pale Ale,16
405,10,0.065,,Dubbelicious,Dubbel,16
406,10,0.062,,Psychopomp,Belgian Dark Ale,16
407,10,0.041,,Fat Paczki,Belgian Dark Ale,16
408,10,0.099,,Earth-Like Planets,Belgian Pale Ale,16
409,10,0.061,,Ski Patrol,Witbier,16
410,10,0.063,,Viking Ice Hole,Oatmeal Stout,16
411,10,0.056,,Rye Porter,American Porter,16
412,10,0.099,,Wizard Burial Ground,Quadrupel (Quad),16
413,10,0.051,,Smoky Wheat,Rauchbier,16
414,10,0.062,,BRIPA,Belgian IPA,16
415,10,0.062,,Mela,Belgian Dark Ale,16
416,10,0.053,,W.I.P.A Snappa,Belgian IPA,16
417,10,0.063,,Pepper in the Rye,Rye Beer,16
418,10,0.064,,Moe Lasses',American Stout,16
419,10,0.07,,Pumpkin Tart,Fruit / Vegetable Beer,16
420,10,0.067,,Undertaker,Belgian Dark Ale,16
421,10,0.067,,Undertaker (2014),Belgian Dark Ale,16
422,10,0.05,,Coq D'Or,Belgian Pale Ale,16
423,10,0.06,,North French,Bière de Garde,16
424,10,0.065,,Agent a Deux,Belgian Dark Ale,16
425,10,0.045,,Belgian Wit,Witbier,16
426,10,0.063,,Pothole Stout,American Stout,16
427,10,0.093,,Tree Bucket,Belgian IPA,16
428,10,0.073,,Le Flaneur Ale,American Wild Ale,16
429,10,0.056,,Maize & Blueberry,Fruit / Vegetable Beer,16
430,10,0.093,,Trebuchet Double IPA,American Double / Imperial IPA,16
431,10,0.065,,Contemplation,Bière de Garde,16
432,10,0.05,,Black Rabbit,American Black Ale,16
433,10,0.09,,Zaison,Saison / Farmhouse Ale,16
434,10,0.082,,Vivant Tripel,Tripel,16
435,10,0.098,,Tart Side of the Moon,Belgian Dark Ale,16
436,10,0.06,,Big Red Coq,American Amber / Red Ale,16
437,10,0.099,,Hubris Quadrupel Anniversary Ale,Quadrupel (Quad),16
438,10,0.095,,Plow Horse Belgian Style Imperial Stout,American Double / Imperial Stout,16
439,10,0.092,,Escoffier Bretta Ale,American Wild Ale,16
440,10,0.065,,Contemplation (2012),Bière de Garde,16
441,10,0.099,,Vivant Belgian Style Imperial Stout (2012),Russian Imperial Stout,16
442,10,0.062,,Big Red Coq (2012),American Amber / Red Ale,16
443,10,0.09,,Zaison (2012),Saison / Farmhouse Ale,16
444,10,0.092,,Vivant Tripel (2012),Tripel,16
445,10,0.097,,Trebuchet Double IPA (2012),Belgian IPA,16
446,10,0.085,,Kludde,Belgian Strong Dark Ale,16
447,10,0.055,,Farm Hand,Saison / Farmhouse Ale,16
448,10,0.06,,Solitude,Belgian Pale Ale,16
449,10,0.065,,Triomphe,Belgian IPA,16
450,467,0.065,,Tampa Pale Ale,American Pale Ale (APA),12
451,467,0.099,,Orange Grove Wheat Ale,American Pale Wheat Ale,12
452,89,0.061,,Broad Brook Ale,American Amber / Red Ale,16
453,493,0.05,15,Northern Lights Amber Ale,American Amber / Red Ale,12
454,493,0.052,17,Polar Pale Ale,American Pale Ale (APA),12
455,493,0.048,,Chugach Session Ale,Cream Ale,12
456,493,0.061,64,Fairweather IPA,American IPA,12
457,437,0.068,47,East India Pale Ale,English India Pale Ale (IPA),16
458,437,0.045,,Brooklyn Summer Ale,English Pale Mild Ale,12
459,437,0.068,47,East India Pale Ale,English India Pale Ale (IPA),12
460,437,0.045,,Brooklyn Summer Ale (2011),English Pale Mild Ale,12
461,437,0.052,,Brooklyn Lager (16 oz.),American Amber / Red Lager,16
462,437,0.052,,Brooklyn Lager (12 oz.),American Amber / Red Lager,12
463,530,0.08,,Tour de Nez Belgian IPA (Current),Belgian IPA,16
464,530,0.052,,Roler Bock (Current),Maibock / Helles Bock,16
465,530,0.073,85,Black Adder IBA (Current),American Black Ale,16
466,530,0.099,,Very Noddy Lager (Current),Schwarzbier,16
467,530,0.062,42,Tule Duck Red Ale (Current),American Amber / Red Ale,16
468,530,0.058,35,Original Orange Blossom Ale (Current),Herbed / Spiced Beer,16
469,530,0.052,40,Black Noddy Lager (Current),Schwarzbier,16
470,357,0.053,,Cleveland Beer Week 2013,Munich Helles Lager,16
471,56,0.045,,Painted Turtle,American Pale Ale (APA),12
472,214,0.06,40,1836,American Blonde Ale,12
473,214,0.06,20,Summer's Wit,Witbier,12
474,214,0.09,118,More Cowbell,American Double / Imperial IPA,16
475,24,0.065,,Wrath of Pele,American Brown Ale,16
476,24,0.068,,Black Beer'd,American Black Ale,16
477,24,0.078,,Mr. Tea,Fruit / Vegetable Beer,24
478,24,0.055,40,Pale Alement,American Pale Ale (APA),12
479,24,0.099,115,Hopkick Dropkick,American Double / Imperial IPA,12
480,24,0.06,,Kreamed Corn,Cream Ale,12
481,24,0.065,,Coconoats,American Pale Wheat Ale,16
482,24,0.068,16,Joey Wheat,American Pale Wheat Ale,16
483,24,0.072,86,3:33 Black IPA,American IPA,16
484,24,0.068,,MCA,American IPA,16
485,24,0.055,40,Pale Alement,American Pale Ale (APA),16
486,197,0.05,14,Couch Select Lager,American Pale Lager,12
487,517,0.056,36,Mucho Aloha Hawaiian Pale Ale,American Pale Ale (APA),12
488,556,0.049,,Heinnieweisse Weissebier,Hefeweizen,12
489,556,0.068,,Snapperhead IPA,American IPA,12
490,556,0.049,,Moo Thunder Stout,Milk / Sweet Stout,12
491,556,0.043,,Porkslap Pale Ale,American Pale Ale (APA),12
492,5,0.093,,Blackbeard,American Double / Imperial Stout,12
493,5,0.062,,Rye Knot,American Brown Ale,12
494,5,0.06,,Dead Arm,American Pale Ale (APA),12
495,5,0.048,,32°/50° Kölsch ,Kölsch,16
496,5,0.077,,HopArt,American IPA,16
497,5,0.097,,Boy King,American Double / Imperial IPA,16
498,182,0.052,,Gran Sport,American Porter,16
499,182,0.053,25,Horny Toad Cerveza,American Blonde Ale,16
500,182,0.063,35,Native Amber,American Amber / Red Ale,16
501,182,0.068,100,F5 IPA,American IPA,16
502,182,0.063,35,Native Amber (2013),American Amber / Red Ale,16
503,182,0.053,25,Horny Toad Cerveza (2013),American Blonde Ale,16
504,155,0.068,100,Hopportunity Knocks IPA,American IPA,12
505,155,0.06,,Pilot Rock Porter,American Porter,12
506,155,0.056,55,Caldera Pale Ale,American Pale Ale (APA),12
507,155,0.039,16,Lawnmower Lager,American Adjunct Lager,12
508,155,0.054,24,Ashland Amber Ale (2009),American Amber / Red Ale,12
509,155,0.061,94,Caldera IPA (2009),American IPA,12
510,155,0.061,94,Caldera IPA (2007),American IPA,12
511,155,0.056,55,Caldera Pale Ale (2010),American Pale Ale (APA),12
512,155,0.056,55,Caldera Pale Ale (2009),American Pale Ale (APA),12
513,155,0.056,55,Caldera Pale Ale (2005),American Pale Ale (APA),12
514,155,0.056,55,Caldera Pale Ale (2007),American Pale Ale (APA),12
515,155,0.056,55,Caldera Pale Ale (2011),American Pale Ale (APA),12
516,155,0.054,24,Ashland Amber Ale,American Amber / Red Ale,12
517,155,0.061,94,Caldera IPA,American IPA,12
518,178,0.05,,Remain in Light,American Pilsner,12
519,178,0.065,,Flower Child (2014),American IPA,12
520,497,0.052,,THP White (2006),Witbier,12
521,497,0.046,,THP Amber (2006),American Amber / Red Ale,12
522,497,0.056,,THP Light (2006),American Blonde Ale,12
523,497,0.046,,THP Dark (2006),English Dark Mild Ale,12
524,230,0.099,43,Imperial Pumpkin Stout,Pumpkin Ale,16
525,230,0.09,130,Dead-Eye DIPA,American Double / Imperial IPA,16
526,230,0.055,64,Fisherman's IPA,American IPA,12
527,230,0.054,35,Fisherman's Pils,German Pilsener,12
528,230,0.055,30,Fisherman's Brew,American Amber / Red Ale,12
529,267,0.055,35,Cape Cod Red,American Amber / Red Ale,16
530,267,0.049,10,Beach Blonde,American Blonde Ale,16
531,192,0.065,80,Dark Voyage Black IPA (2013),American Black Ale,12
532,192,0.052,28,Wisconsin Amber,Vienna Lager,12
533,192,0.046,18,Lake House,Munich Helles Lager,12
534,192,0.056,55,Ghost Ship White IPA,American IPA,12
535,192,0.046,18,Lake House,Munich Helles Lager,16
536,192,0.062,70,Mutiny IPA,American IPA,12
537,192,0.052,,Wisconsin Amber (1998),Vienna Lager,12
538,192,0.042,,Island Wheat,American Pale Wheat Ale,12
539,192,0.052,,Wisconsin Amber (2013),Vienna Lager,12
540,192,0.05,,U.S. Pale Ale,American Pale Ale (APA),12
541,192,0.152,,Supper Club Lager,American Pale Lager,12
542,504,0.04,,Carolina Lighthouse (2007),American Blonde Ale,12
543,504,0.05,,Carolina Blonde (2006),American Blonde Ale,12
544,504,0.035,,Carolina Blonde Light (2005),American Blonde Ale,12
545,179,0.059,22,Santa's Secret,Winter Warmer,16
546,179,0.057,,Flagship IPA,English India Pale Ale (IPA),12
547,179,0.051,,Sky Blue Golden Ale,Kölsch,12
548,222,0.099,100,Epitome,American Black Ale,16
549,222,0.039,9,Monkey Chased the Weasel,Berliner Weissbier,16
550,222,0.078,80,077XX,American Double / Imperial IPA,16
551,222,0.042,35,Boat Beer,American IPA,12
552,404,0.069,,Granny Smith Hard Apple Cider,Cider,16
553,404,0.069,,Dry Hard Apple Cider,Cider,16
554,331,0.056,,Farmer Ted's Cream Ale,Cream Ale,12
555,331,0.052,,Firewater India Pale Ale,American IPA,12
556,331,0.047,,White Zombie Ale,Witbier,12
557,331,0.07,,King Winterbolt Winter Ale,Winter Warmer,12
558,331,0.047,,White Zombie Ale,Witbier,12
559,331,0.052,,Firewater India Pale Ale,American IPA,12
560,331,0.056,,Farmer Ted's Farmhouse Cream Ale,Cream Ale,12
561,285,0.048,16,Whitecap Wit,Witbier,16
562,285,0.078,16,Seiche Scottish Ale,Scottish Ale,16
563,96,0.058,,Peanut Butter Jelly Time,American Brown Ale,12
564,96,0.054,,King Coconut,American Porter,12
565,29,0.085,90,Gone A-Rye,American Double / Imperial IPA,16
566,29,0.088,,Special Release,Scottish Ale,16
567,29,0.068,70,Dankosaurus,American IPA,16
568,29,0.051,35,Scruffy's Smoked Alt,Smoked Beer,16
569,29,0.051,36,Elliott's Phoned Home Pale Ale,American Pale Ale (APA),16
570,29,0.05,18,The Lawn Ranger,Cream Ale,16
571,452,0.05,,All American Blonde Ale,American Blonde Ale,12
572,452,0.05,,All American Red Ale,American Amber / Red Ale,12
573,122,0.05,40,Main St. Virginia Ale,Altbier,12
574,122,0.045,24,Chin Music Amber Lager,American Amber / Red Lager,12
575,122,0.05,40,Main St. Virginia Ale,Altbier,12
576,122,0.052,42,Ray Ray’s Pale Ale,American Pale Ale (APA),12
577,350,0.051,15,Chai Ale,Herbed / Spiced Beer,16
578,350,0.072,85,Lucky Day IPA,American IPA,16
579,350,0.095,99,Terrace Hill Double IPA,American Double / Imperial IPA,16
580,350,0.075,77,Catch 23,American Black Ale,16
581,236,0.07,,Stickin' In My Rye,Rye Beer,24
582,236,0.06,45,Black Me Stout,American Stout,12
583,236,0.05,22,Killer Kolsch,Kölsch,12
584,236,0.07,65,Missile IPA,American IPA,12
585,250,0.045,,Enlighten,Kölsch,16
586,250,0.065,8,Ale Cider,Fruit / Vegetable Beer,16
587,250,0.055,30,Pail Ale,American Pale Ale (APA),16
588,250,0.045,,Englishman,English Brown Ale,16
589,226,0.08,69,8 Barrel,American Strong Ale,16
590,226,0.055,40,Oktoberfest,Märzen / Oktoberfest,16
591,121,0.057,58,IPA #11,American IPA,16
592,121,0.057,10,Blood Orange Honey,Fruit / Vegetable Beer,16
593,121,0.052,,Lighthouse Amber,Altbier,16
594,99,0.089,126,Bay of Bengal Double IPA (2014),American Double / Imperial IPA,12
595,526,0.049,29,Churchkey Pilsner Style Beer,American Pilsner,12
596,425,0.05,,First Press,Cider,12
597,425,0.05,,Magic Apple,Cider,12
598,141,0.055,25,Cubano Espresso,Bock,12
599,141,0.062,65,Operation Homefront,American IPA,12
600,141,0.082,65,Wandering Pelican,American Black Ale,12
601,141,0.055,,Sugar Plum,American Brown Ale,12
602,141,0.055,,Oktoberfest,Märzen / Oktoberfest,12
603,141,0.06,,Puppy's Breath Porter,American Porter,12
604,141,0.045,,Happening Now,American IPA,12
605,141,0.07,60,Hopped on the High Seas (Hop #529),American IPA,12
606,141,0.07,60,Hopped on the High Seas (Calypso),American IPA,12
607,141,0.063,,Wiregrass Post-Prohibition Ale,American Pale Ale (APA),12
608,141,0.07,60,Dry-Hopped On The High Seas Caribbean-Style IPA,American IPA,12
609,141,0.07,60,Hopped on the High Seas (Citra),American IPA,12
610,141,0.07,60,Hopped on the High Seas (Ahtanum),American IPA,12
611,141,0.055,,Gwar Beer,American Pale Ale (APA),12
612,141,0.052,,Tropical Heatwave,American Pale Wheat Ale,16
613,141,0.075,70,Humidor Series India Pale Ale,American IPA,12
614,141,0.075,70,Jai Alai IPA Aged on White Oak,American IPA,12
615,141,0.08,65,José Martí American Porter,American Porter,12
616,141,0.05,,Invasion Pale Ale,American Pale Ale (APA),12
617,141,0.055,25,Maduro Brown Ale,English Brown Ale,12
618,141,0.055,25,Maduro Brown Ale,American Brown Ale,12
619,141,0.05,,Hotter Than Helles Lager,Munich Helles Lager,12
620,141,0.072,75,Tocobaga Red Ale,American Amber / Red Ale,12
621,141,0.075,70,Jai Alai IPA,American IPA,12
622,141,0.05,18,Florida Cracker Belgian Wit,Witbier,12
623,145,0.048,,Shark Tracker Light lager,Light Lager,12
624,145,0.06,,Pumple Drumkin,Pumpkin Ale,12
625,145,0.045,,Grey Lady,Witbier,12
626,145,0.062,,Summer of Lager,Munich Helles Lager,12
627,145,0.065,,Indie Pale Ale,American IPA,12
628,145,0.038,,Sankaty Light Lager,Light Lager,12
629,145,0.056,,Whale's Tale Pale Ale,English Pale Ale,12
630,320,0.067,60,Jacaranada Rye IPA,American IPA,16
631,418,0.06,75,Cascadian Dark Ale,American Black Ale,12
632,418,0.044,13,Wheat the People,American Pale Wheat Ale,16
633,415,0.047,17,Tybee Island Blonde,American Blonde Ale,12
634,415,0.062,55,Savannah Brown Ale,American Brown Ale,12
635,101,0.046,11,Rhode Island Blueberry,Kölsch,12
636,101,0.065,75,Newport Storm IPA,American IPA,12
637,101,0.052,24,Hurricane Amber Ale (2004),American Amber / Red Ale,12
638,101,0.052,24,Hurricane Amber Ale,American Amber / Red Ale,12
639,232,0.058,,Big Blue Van,Fruit / Vegetable Beer,16
640,482,0.068,75,Des Moines IPA,American IPA,16
641,482,0.048,22,Capital Gold Golden Lager,German Pilsener,16
642,482,0.056,21,Farmer John's Multi-Grain Ale,American Blonde Ale,16
643,139,0.05,,Behemoth,American Pilsner,12
644,139,0.052,,Arkansas Red,American Amber / Red Ale,12
645,139,0.057,,Core Oatmeal Stout,Oatmeal Stout,12
646,139,0.061,,Core ESB,Extra Special / Strong Bitter (ESB),12
647,512,0.038,,Chester's Beer (2005),American Pale Lager,12
648,553,0.05,,Heiner Brau Kölsch,Kölsch,12
649,515,0.048,,Trigger Blonde Ale,American Blonde Ale,16
650,515,0.075,29,Crabtree Oatmeal Stout,Oatmeal Stout,16
651,515,0.077,71,Eclipse Black IPA,American Black Ale,16
652,63,0.06,46,Neomexicanus Native,American Pale Ale (APA),12
653,63,0.075,25,Old Soul,Belgian Strong Pale Ale,12
654,63,0.059,,Snowcat Coffee Stout,American Stout,12
655,63,0.055,,WinterWonderGrass Festival Ale,American Amber / Red Ale,12
656,63,0.052,,Boohai Red Ale,American Amber / Red Ale,12
657,63,0.052,15,Lava Lake Wit,Witbier,12
658,63,0.06,,Mountain Livin' Pale Ale,American Pale Ale (APA),12
659,63,0.052,25,Crazy Mountain Amber Ale,American Amber / Red Ale,12
660,247,0.065,65,Tropicalia,American IPA,12
661,247,0.045,,Athena,Berliner Weissbier,12
662,169,0.049,25,Aviator Raspberry Blonde,American Blonde Ale,12
663,169,0.055,,3 Picket Porter,American Porter,12
664,169,0.056,,Rusty Nail Pale Ale,American Pale Ale (APA),12
665,212,0.065,,Red Water Irish Style Red,American Amber / Red Ale,12
666,212,0.066,,Mjöllnir,Herbed / Spiced Beer,12
667,212,0.055,,Bear Butte Nut Brown Ale,American Brown Ale,12
668,212,0.045,,Easy Livin' Summer Ale,American Blonde Ale,12
669,212,0.055,,Canyon Cream Ale,Cream Ale,12
670,212,0.069,,Pile O'Dirt Porter,American Porter,12
671,212,0.06,,11th Hour IPA,American IPA,12
672,472,0.06,31,South Ridge Amber Ale,American Amber / Red Ale,16
673,472,0.052,23,Summertime Ale,Kölsch,16
674,315,0.049,,Lost River Blonde Ale,American Blonde Ale,16
675,315,0.054,,Monon Wheat,Witbier,16
676,315,0.08,,Floyd's Folly,Scottish Ale,16
677,315,0.063,,Half Court IPA,American IPA,16
678,323,0.045,,Geary's Pale Ale,English Pale Ale,12
679,323,0.06,,Geary's Summer Ale,Kölsch,12
680,227,0.08,,Stone of Arbroath,Scotch Ale / Wee Heavy,12
681,227,0.05,15,The Tradition,American Blonde Ale,12
682,227,0.053,11,El Hefe Speaks,Hefeweizen,12
683,227,0.055,,Penn Quarter Porter,American Porter,12
684,227,0.092,115,On the Wings of Armageddon,American Double / Imperial IPA,12
685,227,0.065,80,The Corruption,American IPA,12
686,227,0.07,,The Citizen,Belgian Pale Ale,12
687,227,0.06,,The Public,American Pale Ale (APA),12
688,451,0.065,,Dank IPA,American IPA,16
689,451,0.065,,Dank IPA (2012),American IPA,16
690,358,0.072,,Lift Off IPA,American IPA,16
691,554,0.055,,BrewFarm Select Golden Lager,American Pale Lager,12
692,333,0.05,,Sprocket Blonde Ale (2006),American Blonde Ale,12
693,333,0.05,,Sprocket Pale Ale (2006),American Pale Ale (APA),12
694,330,0.063,37,Dead Armadillo Amber Ale,American Amber / Red Ale,12
695,127,0.06,,Neato Bandito,Euro Pale Lager,12
696,127,0.075,33,Oak Cliff Coffee Ale,American Brown Ale,12
697,127,0.085,100,Dream Crusher Double IPA,American Double / Imperial IPA,12
698,127,0.06,,Deep Ellum Pale Ale,American Pale Ale (APA),12
699,127,0.07,,Double Brown Stout,Baltic Porter,12
700,127,0.048,25,Farmhouse Wit,Saison / Farmhouse Ale,16
701,127,0.046,,Rye Pils Session Lager,German Pilsener,12
702,127,0.052,23,Dallas Blonde,American Blonde Ale,12
703,127,0.07,70,Deep Ellum IPA,American IPA,12
704,283,0.045,44,Thrasher Session India Pale Ale,American IPA,12
705,283,0.05,16,Gutch English Style Mild Ale,English Pale Mild Ale,12
706,453,0.059,55,Chuli Stout,Irish Dry Stout,12
707,453,0.056,46,Mother Ale,American Blonde Ale,12
708,453,0.065,71,Twister Creek India Pale Ale,American IPA,12
709,453,0.058,46,Single Engine Red,Irish Red Ale,12
710,263,0.07,,Incredible Pedal IPA,American IPA,12
711,263,0.05,,Graham Cracker Porter,American Porter,12
712,454,0.05,40,Mirror Pond Pale Ale,American Pale Ale (APA),12
713,57,0.052,16,Weissenheimer,Hefeweizen,12
714,57,0.049,22,Abbey's Single (2015- ),Abbey Single Ale,12
715,57,0.063,76,Vertex IPA,American IPA,12
716,57,0.05,12,Here Gose Nothin',Gose,12
717,57,0.05,,Strawberry Blonde,Fruit / Vegetable Beer,12
718,57,0.096,85,Hoperation Overload,American Double / Imperial IPA,12
719,57,0.049,22,Abbey's Single Ale (Current),Abbey Single Ale,12
720,237,0.044,45,Bravo Four Point,American Pale Ale (APA),12
721,237,0.052,26,Striped Bass Pale Ale,American Pale Ale (APA),12
722,491,0.054,27,Deadicated Amber,American Amber / Red Ale,16
723,491,0.045,,Kaleidoscope Collaboration 2012,American Black Ale,16
724,491,0.071,85,California Sunshine Rye IPA,American IPA,16
725,491,0.074,12,Full Boar Scotch Ale,Scotch Ale / Wee Heavy,16
726,319,0.045,,12 Man Pale Ale,American Pale Ale (APA),12
727,311,0.065,72,Filthy Hoppin' IPA,American IPA,16
728,488,0.096,,Dock Street Amber Beer (1992),American Amber / Red Ale,12
729,531,0.049,,Dolores River Hefeweizen,Hefeweizen,16
730,531,0.044,,Dolores River ESB,Extra Special / Strong Bitter (ESB),16
731,531,0.052,,Snaggletooth Double Pale Ale,American Double / Imperial IPA,16
732,531,0.096,,Dolores River Pale Ale,American Pale Ale (APA),16
733,531,0.096,,Dolores River Dry Stout,Irish Dry Stout,16
734,531,0.045,,Dolores River Mild,English Dark Mild Ale,16
735,446,0.049,,Cranberry Blend,Cider,12
736,446,0.051,,Orignal Blend,Cider,12
737,496,0.066,100,Hop Abomination,American IPA,12
738,496,0.051,17,Apricot Blonde,Fruit / Vegetable Beer,12
739,496,0.043,12,Dry Dock Hefeweizen,Hefeweizen,12
740,496,0.058,49,Dry Dock Amber Ale,American Amber / Red Ale,12
741,340,0.061,64,Category 3 IPA,American IPA,12
742,538,0.045,18,Dundee Summer Wheat Beer,American Pale Wheat Ale,12
743,369,0.05,,Pumpkin Patch Ale,Pumpkin Ale,16
744,369,0.078,74,Crank Yanker IPA,American IPA,16
745,369,0.06,,River Runners Pale Ale,American Pale Ale (APA),16
746,369,0.05,,Pumpkin Patch Ale (2012),Pumpkin Ale,16
747,369,0.055,,Mountain Fairy Raspberry Wheat,Fruit / Vegetable Beer,16
748,369,0.045,,Boater Beer,German Pilsener,16
749,369,0.078,74,Crank Yanker IPA (2011),American IPA,16
750,352,0.057,,Bleeding Buckeye Red Ale,Extra Special / Strong Bitter (ESB),16
751,516,0.049,25,Dottie Seattle Lager,American Amber / Red Lager,16
752,465,0.07,,Nut Sack Imperial Brown Ale,American Brown Ale,12
753,473,0.05,,Underachiever,American Adjunct Lager,16
754,81,0.052,,Lil' Brainless Raspberries,Fruit / Vegetable Beer,12
755,81,0.052,,Element 29,American Pale Ale (APA),12
756,81,0.05,,Hop Syndrome,American Pale Lager,12
757,81,0.062,,Escape to Colorado,American IPA,12
758,170,0.043,60,Little Sister India Style Session Ale,American IPA,12
759,170,0.062,80,Country Boy IPA,American IPA,12
760,26,0.049,23,Blonde Czich,American Blonde Ale,16
761,26,0.07,61,White Reaper,Belgian IPA,16
762,26,0.051,,Bobblehead,American Pale Wheat Ale,16
763,26,0.052,,Lucky Dog,American Pale Ale (APA),16
764,26,0.048,,Voodoo,American Porter,16
765,26,0.054,48,General George Patton Pilsner,Czech Pilsener,16
766,173,0.04,,Nomader Weiss,Berliner Weissbier,12
767,173,0.085,,Molotov Lite,American Double / Imperial IPA,16
768,173,0.055,,Hipster Ale (Two Roads Brewing),American Pale Ale (APA),12
769,173,0.027,,Bikini Beer,American IPA,12
770,173,0.055,,Hipster Ale (Westbrook Brewing),American Pale Ale (APA),12
771,335,0.05,32,Iron Horse Pale Ale,American Pale Ale (APA),12
772,335,0.045,19,Stone's Throw IPA,Scottish Ale,12
773,335,0.067,70,Wood Chipper India Pale Ale,American IPA,12
774,224,0.063,55,Trail Head,American Pale Ale (APA),12
775,224,0.07,80,Hop Stalker Fresh Hop IPA,American IPA,16
776,405,0.07,58,Sudice American Stout,American Stout,16
777,405,0.05,20,Parcae Belgian Style Pale Ale,Belgian Pale Ale,16
778,405,0.05,20,Norns Roggenbier,Roggenbier,16
779,405,0.05,20,Laimas Kölsch Style Ale,Kölsch,16
780,405,0.07,70,Moirai India Pale Ale,American IPA,16
781,201,0.075,53,Loki Red Ale,American Amber / Red Ale,16
782,201,0.046,,Peaches & Cream,Fruit / Vegetable Beer,16
783,201,0.051,,Quaff India Style Session Ale,American IPA,16
784,201,0.075,53,Loki Red Ale (2013),American Amber / Red Ale,16
785,201,0.069,,Mjolnir Imperial IPA,American Double / Imperial IPA,16
786,201,0.05,,Fearless Scottish Ale,Scottish Ale,16
787,172,0.081,,Mastermind,American Double / Imperial IPA,12
788,172,0.082,,Hyzer Flip,American Double / Imperial IPA,16
789,172,0.082,80,Second Fiddle,American Double / Imperial IPA,16
790,172,0.055,30,Hodad Porter,American Porter,16
791,36,0.045,,Weiss Weiss Baby,Kristalweizen,12
792,36,0.055,45,Czech Yo Self,Czech Pilsener,12
793,36,0.048,20,FMB 101,Kölsch,12
794,256,0.09,,Hardcore Chimera,American Double / Imperial IPA,16
795,256,0.08,80,Sobek & Set,American Black Ale,16
796,256,0.086,,Nuclear Winter,Belgian Strong Dark Ale,16
797,256,0.05,22,Wet Hot American Wheat Ale,American Pale Wheat Ale,16
798,256,0.053,,Secret Stache Stout,American Stout,16
799,256,0.08,72,Fascist Pig Ale,American Amber / Red Ale,16
800,256,0.055,,Cut Throat Pale Ale,American Pale Ale (APA),16
801,256,0.075,,Threadless IPA,American IPA,16
802,256,0.055,,Cut Throat Pale Ale (2011),American Pale Ale (APA),16
803,256,0.047,,Golden Wing Blonde Ale,American Blonde Ale,16
804,48,0.045,47,Easy Jack,American IPA,12
805,48,0.075,75,Union Jack,American IPA,12
806,48,0.053,,Pivo Pils,German Pilsener,12
807,48,0.047,,805 Blonde Ale,American Blonde Ale,12
808,48,0.047,20,805,American Blonde Ale,12
809,16,0.065,,Deflator,Doppelbock,16
810,16,0.05,27,Hinchtown Hammer Down,American Blonde Ale,16
811,16,0.06,104,Half Cycle IPA,American IPA,16
812,532,0.06,,Inclined Plane Ale,American IPA,12
813,54,0.055,,Moped Traveler,American Pale Ale (APA),16
814,521,0.071,60,Snake Dog IPA,American IPA,12
815,521,0.047,28,Underdog Atlantic Lager,American Pale Lager,12
816,50,0.04,,Flying Mouse 8,American Porter,12
817,50,0.07,70,Flying Mouse 4,American IPA,12
818,279,0.078,,La Ferme Urbaine Farmhouse Ale,Saison / Farmhouse Ale,12
819,279,0.06,,Backyahd IPA,American IPA,12
820,279,0.065,,Raincloud Robust Porter,American Porter,12
821,279,0.045,,Barstool American Golden Ale,American Blonde Ale,12
822,217,0.05,18,What the Butler Saw,Witbier,12
823,217,0.069,65,1916 Shore Shiver,American IPA,12
824,206,0.052,,Quick WIT,Belgian Pale Ale,12
825,206,0.062,,The Optimist,American IPA,12
826,206,0.045,,Suicide Squeeze IPA,American IPA,16
827,206,0.065,,Java the Hop,American IPA,16
828,206,0.062,,Next Adventure Black IPA,American Black Ale,16
829,206,0.067,,3-Way IPA (2013),American IPA,16
830,206,0.058,,Tender Loving Empire NWPA,American Pale Ale (APA),16
831,206,0.052,,Quick Wit Belgianesque Ale,Witbier,16
832,206,0.055,,Sunrise Oatmeal Pale Ale,American Pale Ale (APA),16
833,206,0.088,,Cavatica Stout,American Double / Imperial Stout,16
834,206,0.051,,1811 Lager,American Amber / Red Lager,16
835,206,0.074,97,Vortex IPA,American IPA,16
836,151,0.057,,Fort Pitt Ale,American Amber / Red Ale,12
837,4,0.047,19,Park,American Pale Wheat Ale,12
838,4,0.056,16,Westfalia,American Amber / Red Ale,12
839,4,0.046,17,KSA,Kölsch,12
840,4,0.063,42,Villager,American IPA,12
841,15,0.085,50,Dirty Bastard,Scotch Ale / Wee Heavy,12
842,15,0.072,65,Centennial IPA,American IPA,12
843,15,0.047,42,All Day IPA,American IPA,12
844,287,0.076,73,El Chingon IPA,American IPA,12
845,287,0.057,40,Block Party Robust Porter,American Porter,12
846,287,0.052,20,Local Buzz,American Blonde Ale,12
847,22,0.055,,Feel Like Maplin' Love,Oatmeal Stout,16
848,22,0.05,,Father's Beer,Belgian Pale Ale,16
849,22,0.06,,The 26th,American IPA,16
850,22,0.064,90,The Gadget,American IPA,16
851,348,0.04,,Leprechaun Lager,American Pale Lager,12
852,160,0.052,17,Sunbru Kölsch,Kölsch,12
853,160,0.06,21,Kilt Lifter Scottish-Style Ale,Fruit / Vegetable Beer,12
854,160,0.051,,Pumpkin Porter,American Porter,12
855,160,0.042,9,Four Peaks Peach Ale,Fruit / Vegetable Beer,12
856,160,0.067,47,Hop Knot IPA,American IPA,12
857,160,0.06,21,Kilt Lifter Scottish-Style Ale (2009),Scottish Ale,12
858,160,0.052,,Sunbru Kölsch,Kölsch,12
859,105,0.06,,Four String Vanilla Porter,American Porter,12
860,105,0.05,28,Suncaster Summer Wheat,American Pale Wheat Ale,12
861,105,0.057,36,Brass Knuckle Pale Ale,American Pale Ale (APA),12
862,105,0.07,70,Big Star White IPA,American White IPA,12
863,253,0.056,,Old Detroit,American Amber / Red Ale,12
864,253,0.069,69,Batch 69 IPA,American IPA,12
865,253,0.055,18,Twisted Helles Summer Lager,Munich Helles Lager,12
866,66,0.053,27,OktoberFiesta,Witbier,12
867,66,0.065,33,Texicali ,American Brown Ale,12
868,66,0.06,,Pinata Protest,Witbier,12
869,66,0.042,20,Bat Outta Helles,Munich Helles Lager,12
870,66,0.068,,Original,American Amber / Red Ale,12
871,66,0.042,10,Rye Wit,Witbier,12
872,66,0.059,70,Soul Doubt,American IPA,12
873,66,0.044,5,Yo Soy Un Berliner,Berliner Weissbier,12
874,460,0.04,,77 Fremont Select Spring Session IPA,American IPA,12
875,460,0.045,,Fremont Organic Pale Ale,American Pale Ale (APA),12
876,460,0.08,,Abominable Ale,English Strong Ale,12
877,460,0.065,35,Harvest Ale,Saison / Farmhouse Ale,12
878,460,0.065,45,Fremont Summer Ale,American Pale Ale (APA),12
879,460,0.056,30,Universale Pale Ale,American Pale Ale (APA),12
880,460,0.065,80,Interurban IPA,American IPA,12
881,433,0.053,32,Gateway Kolsch Style Ale,Kölsch,12
882,433,0.07,24,Wee-Heavy-Er Scotch Ale,Scotch Ale / Wee Heavy,12
883,433,0.052,42,13 Rebels ESB,Extra Special / Strong Bitter (ESB),12
884,180,0.07,73,Salamander Slam,American IPA,16
885,347,0.05,,Cack-A-Lacky,American Pale Ale (APA),12
886,228,0.072,50,No Wake IPA,American IPA,12
887,228,0.049,15,Boathouse Blonde,American Blonde Ale,12
888,228,0.05,26,Cedar Point,American Amber / Red Ale,12
889,106,0.067,70,Clean Shave IPA,American IPA,12
890,240,0.072,75,Might As Well IPL,American Pale Lager,16
891,240,0.058,35,Saison Pamplemousse,Saison / Farmhouse Ale,12
892,240,0.074,74,2020 IPA,American IPA,16
893,240,0.08,70,Wolf Among Weeds IPA,American IPA,16
894,240,0.094,92,Better Weather IPA,American IPA,16
895,240,0.059,60,Point the Way IPA,American IPA,16
896,240,0.046,15,Golden Road Hefeweizen,Hefeweizen,16
897,240,0.068,65,Heal the Bay IPA,American IPA,16
898,240,0.059,60,Point the Way IPA,American IPA,12
899,240,0.05,,Cabrillo Kölsch,Kölsch,16
900,240,0.055,20,Get Up Offa That Brown,American Brown Ale,16
901,240,0.08,70,Burning Bush Smoked IPA,American IPA,16
902,240,0.08,70,Wolf Among Weeds IPA (2012),American IPA,16
903,240,0.059,60,Point the Way IPA (2012),American IPA,16
904,240,0.046,15,Golden Road Hefeweizen (2012),Hefeweizen,16
905,39,0.07,11,Vanilla Porter,American Porter,16
906,464,0.07,70,Descender IPA,American IPA,12
907,464,0.06,18,Sweet As Pacific Ale,American Pale Wheat Ale,12
908,478,0.056,36,Good People Pale Ale,American Pale Ale (APA),12
909,478,0.093,103,Snake Handler Double IPA,American Double / Imperial IPA,12
910,478,0.06,54,Coffee Oatmeal Stout,Oatmeal Stout,12
911,478,0.06,64,Good People IPA,American IPA,12
912,478,0.058,36,Good People American Brown Ale,American Brown Ale,12
913,194,0.055,40,Mountain Rescue Pale Ale,American Pale Ale (APA),12
914,196,0.059,55,Goose Island India Pale Ale,American IPA,12
915,88,0.054,30,312 Urban Pale Ale,American Pale Ale (APA),16
916,88,0.054,30,312 Urban Pale Ale,American Pale Ale (APA),12
917,88,0.042,18,312 Urban Wheat Ale,American Pale Wheat Ale,16
918,88,0.042,18,312 Urban Wheat Ale,American Pale Wheat Ale,12
919,88,0.042,20,312 Urban Wheat Ale (2012),American Pale Wheat Ale,12
920,420,0.052,19,Beaver Logger,American Pale Lager,12
921,536,0.05,,White Water Wheat,American Pale Wheat Ale,12
922,536,0.052,,Grand Canyon American Pilsner,American Pilsner,12
